<?xml version="1.0"?>
<doc>
    <assembly>
        <name>RoyalApps.Community.ExternalApps.WinForms</name>
    </assembly>
    <members>
        <member name="T:RoyalApps.Community.ExternalApps.WinForms.ExternalAppHost">
            <summary>
            The host control which can embed external application windows.
            </summary>
        </member>
        <member name="P:RoyalApps.Community.ExternalApps.WinForms.ExternalAppHost.IsEmbedded">
            <summary>
            Gets or sets a value indicating whether the external application is embedded or not. 
            </summary>
        </member>
        <member name="P:RoyalApps.Community.ExternalApps.WinForms.ExternalAppHost.LoggerFactory">
            <summary>
            Gets or sets the <see cref="T:Microsoft.Extensions.Logging.ILoggerFactory" /> used to create instances of <see cref="T:Microsoft.Extensions.Logging.ILogger" />.
            Defaults to <see cref="T:Microsoft.Extensions.Logging.Abstractions.NullLoggerFactory" />.
            </summary>
        </member>
        <member name="P:RoyalApps.Community.ExternalApps.WinForms.ExternalAppHost.Logger">
            <summary>
            Gets the logger from the configured <see cref="P:RoyalApps.Community.ExternalApps.WinForms.ExternalAppHost.LoggerFactory"/>.
            </summary>
        </member>
        <member name="E:RoyalApps.Community.ExternalApps.WinForms.ExternalAppHost.ApplicationActivated">
            <summary>
            Fired after the application has been activated.
            </summary>
        </member>
        <member name="E:RoyalApps.Community.ExternalApps.WinForms.ExternalAppHost.ApplicationClosed">
            <summary>
            Fired after the application has been closed.
            </summary>
        </member>
        <member name="E:RoyalApps.Community.ExternalApps.WinForms.ExternalAppHost.ApplicationStarted">
            <summary>
            Fired after the application has been started.
            </summary>
        </member>
        <member name="E:RoyalApps.Community.ExternalApps.WinForms.ExternalAppHost.WindowTitleChanged">
            <summary>
            Fired when the application's window title has changed.
            </summary>
        </member>
        <member name="M:RoyalApps.Community.ExternalApps.WinForms.ExternalAppHost.CloseApplication">
            <summary>
            Closes the external application
            </summary>
        </member>
        <member name="M:RoyalApps.Community.ExternalApps.WinForms.ExternalAppHost.EmbedApplication">
            <summary>
            Embeds the application.
            </summary>
        </member>
        <member name="M:RoyalApps.Community.ExternalApps.WinForms.ExternalAppHost.EmbedApplicationAsync(System.Threading.CancellationToken)">
            <summary>
            Embeds the application.
            </summary>
        </member>
        <member name="M:RoyalApps.Community.ExternalApps.WinForms.ExternalAppHost.Start(RoyalApps.Community.ExternalApps.WinForms.ExternalAppConfiguration)">
            <summary>
            Starts a new external application.
            </summary>
            <param name="configuration">The <see cref="T:RoyalApps.Community.ExternalApps.WinForms.ExternalAppConfiguration"/> to apply.</param>
        </member>
        <member name="M:RoyalApps.Community.ExternalApps.WinForms.ExternalAppHost.OnHandleCreated(System.EventArgs)">
            <inheritdoc />
        </member>
        <member name="M:RoyalApps.Community.ExternalApps.WinForms.ExternalAppHost.Dispose(System.Boolean)">
            <inheritdoc />
        </member>
        <member name="M:RoyalApps.Community.ExternalApps.WinForms.ExternalAppHost.FreeApplication">
            <summary>
            Frees the external application window.
            </summary>
        </member>
        <member name="M:RoyalApps.Community.ExternalApps.WinForms.ExternalAppHost.FocusApplication(System.Boolean)">
            <summary>
            Focuses the external application. 
            </summary>
            <param name="force">If true, always bring external application to foreground and focus the window, even if it is not embedded.</param>
        </member>
        <member name="M:RoyalApps.Community.ExternalApps.WinForms.ExternalAppHost.GetWindowScreenshot">
            <summary>
            Creates a screenshot of the external application's window.
            </summary>
            <returns>The screenshot <see cref="T:System.Drawing.Bitmap"/>.</returns>
        </member>
        <member name="M:RoyalApps.Community.ExternalApps.WinForms.ExternalAppHost.MaximizeApplication">
            <summary>
            Maximizes the external application.
            </summary>
        </member>
        <member name="M:RoyalApps.Community.ExternalApps.WinForms.ExternalAppHost.SetWindowPosition(System.Drawing.Rectangle)">
            <summary>
            Sets the external application's window position.
            </summary>
            <param name="rectangle">A <see cref="T:System.Drawing.Rectangle"/> describing the desired position.</param>
        </member>
        <member name="M:RoyalApps.Community.ExternalApps.WinForms.ExternalAppHost.SetWindowPosition(System.Int32,System.Int32,System.Int32,System.Int32)">
            <summary>
            Sets the external application's window position.
            </summary>
            <param name="x">The window's left value.</param>
            <param name="y">The window's top value.</param>
            <param name="width">The window's width.</param>
            <param name="height">The window's height.</param>
        </member>
        <member name="M:RoyalApps.Community.ExternalApps.WinForms.ExternalAppHost.OnApplicationActivated">
            <summary>
            </summary>
        </member>
        <member name="M:RoyalApps.Community.ExternalApps.WinForms.ExternalAppHost.OnApplicationClosed">
            <summary>
            </summary>
        </member>
        <member name="M:RoyalApps.Community.ExternalApps.WinForms.ExternalAppHost.OnApplicationStarted">
            <summary>
            </summary>
        </member>
        <member name="M:RoyalApps.Community.ExternalApps.WinForms.ExternalAppHost.OnFocusApplication(System.Boolean)">
            <summary>
            Handles focusing of the external application. 
            </summary>
            <param name="force">If true, always bring external application to foreground and focus the window, even if it is not embedded.</param>
        </member>
        <member name="M:RoyalApps.Community.ExternalApps.WinForms.ExternalAppHost.OnResize(System.EventArgs)">
            <inheritdoc />
        </member>
        <member name="M:RoyalApps.Community.ExternalApps.WinForms.ExternalAppHost.OnWindowTitleChanged">
            <summary>
            Handles a window title change.
            </summary>
        </member>
        <member name="M:RoyalApps.Community.ExternalApps.WinForms.ExternalAppHost.WndProc(System.Windows.Forms.Message@)">
            <inheritdoc />
        </member>
        <member name="M:RoyalApps.Community.ExternalApps.WinForms.ExternalAppHost.SetWindowPosition">
            <summary>
            Sets the external application's window position to the default values.
            </summary>
        </member>
        <member name="M:RoyalApps.Community.ExternalApps.WinForms.ExternalAppsNative.InitShl">
            <summary>
            
            </summary>
        </member>
        <member name="M:RoyalApps.Community.ExternalApps.WinForms.ExternalAppsNative.DoneShl">
            <summary>
            
            </summary>
        </member>
        <member name="M:RoyalApps.Community.ExternalApps.WinForms.ExternalAppsNative.CreateShlWnd(System.IntPtr,System.IntPtr,System.Int32,System.Int32)">
            <summary>
            
            </summary>
        </member>
        <member name="T:RoyalApps.Community.ExternalApps.WinForms.WindowManagement.ApplicationState">
            <summary>
            Reflects the current state of an external application.
            </summary>
        </member>
        <member name="F:RoyalApps.Community.ExternalApps.WinForms.WindowManagement.ApplicationState.Starting">
            <summary>
            Indicates that the application is starting.
            </summary>
        </member>
        <member name="F:RoyalApps.Community.ExternalApps.WinForms.WindowManagement.ApplicationState.Running">
            <summary>
            Indicates that the application is running.
            </summary>
        </member>
        <member name="F:RoyalApps.Community.ExternalApps.WinForms.WindowManagement.ApplicationState.Stopped">
            <summary>
            Indicates that the application is stopped.
            </summary>
        </member>
        <member name="T:RoyalApps.Community.ExternalApps.WinForms.WindowManagement.ExternalApp">
            <summary>
            Encapsulates an external process.
            </summary>
        </member>
        <member name="E:RoyalApps.Community.ExternalApps.WinForms.WindowManagement.ExternalApp.ProcessExited">
            <summary>
            Fired when the external application's process exits. 
            </summary>
        </member>
        <member name="P:RoyalApps.Community.ExternalApps.WinForms.WindowManagement.ExternalApp.ApplicationState">
            <summary>
            Gets the current state of the external application.
            </summary>
        </member>
        <member name="P:RoyalApps.Community.ExternalApps.WinForms.WindowManagement.ExternalApp.Configuration">
            <summary>
            Gets the configuration for the external application.
            </summary>
        </member>
        <member name="P:RoyalApps.Community.ExternalApps.WinForms.WindowManagement.ExternalApp.HasWindow">
            <summary>
            Gets a value indicating whether a window handle has been set.
            </summary>
        </member>
        <member name="P:RoyalApps.Community.ExternalApps.WinForms.WindowManagement.ExternalApp.IsRunning">
            <summary>
            Gets a value indicating whether the external application's process is running.
            </summary>
        </member>
        <member name="P:RoyalApps.Community.ExternalApps.WinForms.WindowManagement.ExternalApp.Process">
            <summary>
            Gets the external application's process. 
            </summary>
        </member>
        <member name="P:RoyalApps.Community.ExternalApps.WinForms.WindowManagement.ExternalApp.WindowHandle">
            <summary>
            Gets the external application's window handle.
            </summary>
        </member>
        <member name="M:RoyalApps.Community.ExternalApps.WinForms.WindowManagement.ExternalApp.CloseApplication">
            <summary>
            Closes the external application.
            </summary>
        </member>
        <member name="M:RoyalApps.Community.ExternalApps.WinForms.WindowManagement.ExternalApp.Dispose">
            <inheritdoc />
        </member>
        <member name="M:RoyalApps.Community.ExternalApps.WinForms.WindowManagement.ExternalApp.GetWindowTitle">
            <summary>
            Tries to the external application's window title.
            </summary>
            <returns>A string containing the window title or an empty string, if not found.</returns>
        </member>
        <member name="M:RoyalApps.Community.ExternalApps.WinForms.WindowManagement.ExternalApp.StartAsync(System.Threading.CancellationToken)">
            <summary>
            Creates a task which starts the external application's process.
            </summary>
            <param name="cancellationToken">A cancellation token to observe while waiting for the task to complete.</param>
            <exception cref="T:System.InvalidOperationException">Thrown when the application has already been started.</exception>
        </member>
        <member name="T:RoyalApps.Community.ExternalApps.WinForms.ExternalAppConfiguration">
            <summary>
            Represents the configuration of an external application.
            </summary>
        </member>
        <member name="P:RoyalApps.Community.ExternalApps.WinForms.ExternalAppConfiguration.Executable">
            <summary>
            Gets or sets the full path to the executable of the external application.
            </summary>
        </member>
        <member name="P:RoyalApps.Community.ExternalApps.WinForms.ExternalAppConfiguration.Arguments">
            <summary>
            Gets or sets the arguments that will be passed to the executable.
            </summary>
        </member>
        <member name="P:RoyalApps.Community.ExternalApps.WinForms.ExternalAppConfiguration.WorkingDirectory">
            <summary>
            Gets or sets the Working Directory the command will be started from.
            </summary>
        </member>
        <member name="P:RoyalApps.Community.ExternalApps.WinForms.ExternalAppConfiguration.RunElevated">
            <summary>
            Gets or sets a value indicating whether to run in elevated mode.
            </summary>
        </member>
        <member name="P:RoyalApps.Community.ExternalApps.WinForms.ExternalAppConfiguration.UseCredentials">
            <summary>
            Gets or sets a value indicating whether to use credentials to start the process.
            </summary>
        </member>
        <member name="P:RoyalApps.Community.ExternalApps.WinForms.ExternalAppConfiguration.Username">
            <summary>
            Gets or sets the user name to start the application with (works only in combination with UseCredentials).
            </summary>
        </member>
        <member name="P:RoyalApps.Community.ExternalApps.WinForms.ExternalAppConfiguration.Domain">
            <summary>
            Gets or sets the domain to start the application with (works only in combination with UseCredentials).
            </summary>
        </member>
        <member name="P:RoyalApps.Community.ExternalApps.WinForms.ExternalAppConfiguration.Password">
            <summary>
            Gets or sets the password to start the application with (works only in combination with UseCredentials).
            </summary>
        </member>
        <member name="P:RoyalApps.Community.ExternalApps.WinForms.ExternalAppConfiguration.LoadUserProfile">
            <summary>
            Gets or sets a value indicating whether to load the user profile (works only in combination with UseCredentials).
            </summary>
        </member>
        <member name="P:RoyalApps.Community.ExternalApps.WinForms.ExternalAppConfiguration.CommandLineMatchString">
            <summary>
            Gets or sets, the command line string to match. If set, the value is looked up first.
            </summary>
        </member>
        <member name="P:RoyalApps.Community.ExternalApps.WinForms.ExternalAppConfiguration.MinWaitTime">
            <summary>
            Gets or sets the minimum time (in seconds) the control will wait to grab the window handle of the external
            application after launching it.
            Default: 0.
            </summary>
        </member>
        <member name="P:RoyalApps.Community.ExternalApps.WinForms.ExternalAppConfiguration.MaxWaitTime">
            <summary>
            Gets or sets the maximum time (in seconds) the control will wait to grab the window handle of the external
            application after launching it.
            Default: 10.
            </summary>
        </member>
        <member name="P:RoyalApps.Community.ExternalApps.WinForms.ExternalAppConfiguration.ProcessNameToTrack">
            <summary>
            Gets or sets another process name to be looked up first, if set.
            </summary>
        </member>
        <member name="P:RoyalApps.Community.ExternalApps.WinForms.ExternalAppConfiguration.StartHidden">
            <summary>
            Gets or sets a value indicating whether the external process will be started hidden (CreateNoWindow = true).
            Default: true.
            </summary>
        </member>
        <member name="P:RoyalApps.Community.ExternalApps.WinForms.ExternalAppConfiguration.StartExternal">
            <summary>
            Gets or sets a value indicating whether the external process will not be embedded and kept as external window.
            </summary>
        </member>
        <member name="P:RoyalApps.Community.ExternalApps.WinForms.ExternalAppConfiguration.UseExistingProcess">
            <summary>
            Gets or sets a value indicating whether to use an existing process or start a new one.
            </summary>
        </member>
        <member name="P:RoyalApps.Community.ExternalApps.WinForms.ExternalAppConfiguration.WindowTitleMatch">
            <summary>
            Gets or sets the window title to match.
            </summary>
        </member>
        <member name="P:RoyalApps.Community.ExternalApps.WinForms.ExternalAppConfiguration.WindowTitleMatchSkip">
            <summary>
            Gets or sets how many window title matches should be skipped before embedding.
            </summary>
        </member>
        <member name="P:RoyalApps.Community.ExternalApps.WinForms.ExternalAppConfiguration.KillOnClose">
            <summary>
            Gets or sets a value indicating whether or not to kill the process when the app is closed.
            </summary>
        </member>
        <member name="P:RoyalApps.Community.ExternalApps.WinForms.ExternalAppConfiguration.AsChild">
            <summary>
            
            </summary>
        </member>
        <member name="T:Windows.Win32.Foundation.POINT">
            <summary>The POINT structure defines the x- and y-coordinates of a point.</summary>
            <remarks>
            <para>The POINT structure is identical to the <a href="https://docs.microsoft.com/windows/desktop/api/windef/ns-windef-pointl">POINTL</a> structure.</para>
            <para><see href="https://docs.microsoft.com/windows/win32/api//windef/ns-windef-point#">Read more on docs.microsoft.com</see>.</para>
            </remarks>
        </member>
        <member name="F:Windows.Win32.Foundation.POINT.x">
            <summary>Specifies the <i>x</i>-coordinate of the point.</summary>
        </member>
        <member name="F:Windows.Win32.Foundation.POINT.y">
            <summary>Specifies the <i>y</i>-coordinate of the point.</summary>
        </member>
        <member name="M:Windows.Win32.Foundation.PWSTR.AsSpan">
            <summary>
            Returns a span of the characters in this string.
            </summary>
        </member>
        <member name="T:Windows.Win32.Foundation.RECT">
            <summary>The RECT structure defines a rectangle by the coordinates of its upper-left and lower-right corners.</summary>
            <remarks>
            <para>The RECT structure is identical to the <a href="https://docs.microsoft.com/windows/desktop/api/windef/ns-windef-rectl">RECTL</a> structure.</para>
            <para><see href="https://docs.microsoft.com/windows/win32/api//windef/ns-windef-rect#">Read more on docs.microsoft.com</see>.</para>
            </remarks>
        </member>
        <member name="F:Windows.Win32.Foundation.RECT.left">
            <summary>Specifies the <i>x</i>-coordinate of the upper-left corner of the rectangle.</summary>
        </member>
        <member name="F:Windows.Win32.Foundation.RECT.top">
            <summary>Specifies the <i>y</i>-coordinate of the upper-left corner of the rectangle.</summary>
        </member>
        <member name="F:Windows.Win32.Foundation.RECT.right">
            <summary>Specifies the <i>x</i>-coordinate of the lower-right corner of the rectangle.</summary>
        </member>
        <member name="F:Windows.Win32.Foundation.RECT.bottom">
            <summary>Specifies the <i>y</i>-coordinate of the lower-right corner of the rectangle.</summary>
        </member>
        <member name="T:Windows.Win32.UI.WindowsAndMessaging.MSG">
            <summary>Contains message information from a thread's message queue.</summary>
            <remarks>
            <para><see href="https://docs.microsoft.com/windows/win32/api//winuser/ns-winuser-msg">Learn more about this API from docs.microsoft.com</see>.</para>
            </remarks>
        </member>
        <member name="F:Windows.Win32.UI.WindowsAndMessaging.MSG.hwnd">
            <summary>
            <para>Type: <b>HWND</b> A handle to the window whose window procedure receives the message. This member is <b>NULL</b> when the message is a thread message.</para>
            <para><see href="https://docs.microsoft.com/windows/win32/api//winuser/ns-winuser-msg#members">Read more on docs.microsoft.com</see>.</para>
            </summary>
        </member>
        <member name="F:Windows.Win32.UI.WindowsAndMessaging.MSG.message">
            <summary>
            <para>Type: <b>UINT</b> The message identifier. Applications can only use the low word; the high word is reserved by the system.</para>
            <para><see href="https://docs.microsoft.com/windows/win32/api//winuser/ns-winuser-msg#members">Read more on docs.microsoft.com</see>.</para>
            </summary>
        </member>
        <member name="F:Windows.Win32.UI.WindowsAndMessaging.MSG.wParam">
            <summary>
            <para>Type: <b>WPARAM</b> Additional information about the message. The exact meaning depends on the value of the <b>message</b> member.</para>
            <para><see href="https://docs.microsoft.com/windows/win32/api//winuser/ns-winuser-msg#members">Read more on docs.microsoft.com</see>.</para>
            </summary>
        </member>
        <member name="F:Windows.Win32.UI.WindowsAndMessaging.MSG.lParam">
            <summary>
            <para>Type: <b>LPARAM</b> Additional information about the message. The exact meaning depends on the value of the <b>message</b> member.</para>
            <para><see href="https://docs.microsoft.com/windows/win32/api//winuser/ns-winuser-msg#members">Read more on docs.microsoft.com</see>.</para>
            </summary>
        </member>
        <member name="F:Windows.Win32.UI.WindowsAndMessaging.MSG.time">
            <summary>
            <para>Type: <b>DWORD</b> The time at which the message was posted.</para>
            <para><see href="https://docs.microsoft.com/windows/win32/api//winuser/ns-winuser-msg#members">Read more on docs.microsoft.com</see>.</para>
            </summary>
        </member>
        <member name="F:Windows.Win32.UI.WindowsAndMessaging.MSG.pt">
            <summary>
            <para>Type: <b><a href="https://docs.microsoft.com/previous-versions/dd162805(v=vs.85)">POINT</a></b> The cursor position, in screen coordinates, when the message was posted.</para>
            <para><see href="https://docs.microsoft.com/windows/win32/api//winuser/ns-winuser-msg#members">Read more on docs.microsoft.com</see>.</para>
            </summary>
        </member>
        <member name="T:Windows.Win32.PInvoke">
            <content>
            Contains extern methods from "Kernel32.dll".
            </content>
            <content>
            Contains extern methods from "User32.dll".
            </content>
        </member>
        <member name="M:Windows.Win32.PInvoke.FreeLibrary(Windows.Win32.Foundation.HINSTANCE)">
            <summary>Frees the loaded dynamic-link library (DLL) module and, if necessary, decrements its reference count.</summary>
            <param name="hLibModule">
            <para>A handle to the loaded library module. The <a href="https://docs.microsoft.com/windows/desktop/api/libloaderapi/nf-libloaderapi-loadlibrarya">LoadLibrary</a>, <a href="https://docs.microsoft.com/windows/desktop/api/libloaderapi/nf-libloaderapi-loadlibraryexa">LoadLibraryEx</a>, <a href="https://docs.microsoft.com/windows/desktop/api/libloaderapi/nf-libloaderapi-getmodulehandlea">GetModuleHandle</a>, or <a href="https://docs.microsoft.com/windows/desktop/api/libloaderapi/nf-libloaderapi-getmodulehandleexa">GetModuleHandleEx</a> function returns this handle.</para>
            <para><see href="https://docs.microsoft.com/windows/win32/api//libloaderapi/nf-libloaderapi-freelibrary#parameters">Read more on docs.microsoft.com</see>.</para>
            </param>
            <returns>
            <para>If the function succeeds, the return value is nonzero. If the function fails, the return value is zero. To get extended error information, call the <a href="/windows/desktop/api/errhandlingapi/nf-errhandlingapi-getlasterror">GetLastError</a> function.</para>
            </returns>
            <remarks>
            <para><see href="https://docs.microsoft.com/windows/win32/api//libloaderapi/nf-libloaderapi-freelibrary">Learn more about this API from docs.microsoft.com</see>.</para>
            </remarks>
        </member>
        <member name="M:Windows.Win32.PInvoke.AdjustWindowRectEx(Windows.Win32.Foundation.RECT@,Windows.Win32.UI.WindowsAndMessaging.WINDOW_STYLE,Windows.Win32.Foundation.BOOL,Windows.Win32.UI.WindowsAndMessaging.WINDOW_EX_STYLE)">
            <inheritdoc cref="M:Windows.Win32.PInvoke.AdjustWindowRectEx(Windows.Win32.Foundation.RECT*,Windows.Win32.UI.WindowsAndMessaging.WINDOW_STYLE,Windows.Win32.Foundation.BOOL,Windows.Win32.UI.WindowsAndMessaging.WINDOW_EX_STYLE)"/>
        </member>
        <member name="M:Windows.Win32.PInvoke.AdjustWindowRectEx(Windows.Win32.Foundation.RECT*,Windows.Win32.UI.WindowsAndMessaging.WINDOW_STYLE,Windows.Win32.Foundation.BOOL,Windows.Win32.UI.WindowsAndMessaging.WINDOW_EX_STYLE)">
            <summary>Calculates the required size of the window rectangle, based on the desired size of the client rectangle. The window rectangle can then be passed to the CreateWindowEx function to create a window whose client area is the desired size.</summary>
            <param name="lpRect">
            <para>Type: <b>LPRECT</b> A pointer to a <a href="https://docs.microsoft.com/windows/desktop/api/windef/ns-windef-rect">RECT</a> structure that contains the coordinates of the top-left and bottom-right corners of the desired client area. When the function returns, the structure contains the coordinates of the top-left and bottom-right corners of the window to accommodate the desired client area.</para>
            <para><see href="https://docs.microsoft.com/windows/win32/api//winuser/nf-winuser-adjustwindowrectex#parameters">Read more on docs.microsoft.com</see>.</para>
            </param>
            <param name="dwStyle">
            <para>Type: <b>DWORD</b> The <a href="https://docs.microsoft.com/windows/desktop/winmsg/window-styles">window style</a> of the window whose required size is to be calculated. Note that you cannot specify the <b>WS_OVERLAPPED</b> style.</para>
            <para><see href="https://docs.microsoft.com/windows/win32/api//winuser/nf-winuser-adjustwindowrectex#parameters">Read more on docs.microsoft.com</see>.</para>
            </param>
            <param name="bMenu">
            <para>Type: <b>BOOL</b> Indicates whether the window has a menu.</para>
            <para><see href="https://docs.microsoft.com/windows/win32/api//winuser/nf-winuser-adjustwindowrectex#parameters">Read more on docs.microsoft.com</see>.</para>
            </param>
            <param name="dwExStyle">
            <para>Type: <b>DWORD</b> The <a href="https://docs.microsoft.com/windows/desktop/winmsg/extended-window-styles">extended window style</a> of the window whose required size is to be calculated.</para>
            <para><see href="https://docs.microsoft.com/windows/win32/api//winuser/nf-winuser-adjustwindowrectex#parameters">Read more on docs.microsoft.com</see>.</para>
            </param>
            <returns>
            <para>Type: <b>BOOL</b> If the function succeeds, the return value is nonzero. If the function fails, the return value is zero. To get extended error information, call <a href="/windows/desktop/api/errhandlingapi/nf-errhandlingapi-getlasterror">GetLastError</a>.</para>
            </returns>
            <remarks>
            <para><see href="https://docs.microsoft.com/windows/win32/api//winuser/nf-winuser-adjustwindowrectex">Learn more about this API from docs.microsoft.com</see>.</para>
            </remarks>
        </member>
        <member name="M:Windows.Win32.PInvoke.CloseDesktop(Windows.Win32.System.StationsAndDesktops.HDESK)">
            <summary>Closes an open handle to a desktop object.</summary>
            <param name="hDesktop">
            <para>A handle to the desktop to be closed. This can be a handle returned by the <a href="https://docs.microsoft.com/windows/desktop/api/winuser/nf-winuser-createdesktopa">CreateDesktop</a>, <a href="https://docs.microsoft.com/windows/desktop/api/winuser/nf-winuser-opendesktopa">OpenDesktop</a>, or <a href="https://docs.microsoft.com/windows/desktop/api/winuser/nf-winuser-openinputdesktop">OpenInputDesktop</a> functions. Do not specify the handle returned by the <a href="https://docs.microsoft.com/windows/desktop/api/winuser/nf-winuser-getthreaddesktop">GetThreadDesktop</a> function.</para>
            <para><see href="https://docs.microsoft.com/windows/win32/api//winuser/nf-winuser-closedesktop#parameters">Read more on docs.microsoft.com</see>.</para>
            </param>
            <returns>
            <para>If the function succeeds, the return value is nonzero. If the function fails, the return value is zero. To get extended error information, call <a href="/windows/desktop/api/errhandlingapi/nf-errhandlingapi-getlasterror">GetLastError</a>.</para>
            </returns>
            <remarks>
            <para><see href="https://docs.microsoft.com/windows/win32/api//winuser/nf-winuser-closedesktop">Learn more about this API from docs.microsoft.com</see>.</para>
            </remarks>
        </member>
        <member name="M:Windows.Win32.PInvoke.EnumDesktopWindows(System.Runtime.InteropServices.SafeHandle,Windows.Win32.UI.WindowsAndMessaging.WNDENUMPROC,Windows.Win32.Foundation.LPARAM)">
            <inheritdoc cref="M:Windows.Win32.PInvoke.EnumDesktopWindows(Windows.Win32.System.StationsAndDesktops.HDESK,Windows.Win32.UI.WindowsAndMessaging.WNDENUMPROC,Windows.Win32.Foundation.LPARAM)"/>
        </member>
        <member name="M:Windows.Win32.PInvoke.EnumDesktopWindows(Windows.Win32.System.StationsAndDesktops.HDESK,Windows.Win32.UI.WindowsAndMessaging.WNDENUMPROC,Windows.Win32.Foundation.LPARAM)">
            <summary>Enumerates all top-level windows associated with the specified desktop. It passes the handle to each window, in turn, to an application-defined callback function.</summary>
            <param name="hDesktop">
            <para>A handle to the desktop whose top-level windows are to be enumerated. This handle is returned by the <a href="https://docs.microsoft.com/windows/desktop/api/winuser/nf-winuser-createdesktopa">CreateDesktop</a>, <a href="https://docs.microsoft.com/windows/desktop/api/winuser/nf-winuser-getthreaddesktop">GetThreadDesktop</a>, <a href="https://docs.microsoft.com/windows/desktop/api/winuser/nf-winuser-opendesktopa">OpenDesktop</a>, or <a href="https://docs.microsoft.com/windows/desktop/api/winuser/nf-winuser-openinputdesktop">OpenInputDesktop</a> function, and must have the <b>DESKTOP_READOBJECTS</b> access right. For more information, see <a href="https://docs.microsoft.com/windows/desktop/winstation/desktop-security-and-access-rights">Desktop Security and Access Rights</a>. If this parameter is NULL, the current desktop is used.</para>
            <para><see href="https://docs.microsoft.com/windows/win32/api//winuser/nf-winuser-enumdesktopwindows#parameters">Read more on docs.microsoft.com</see>.</para>
            </param>
            <param name="lpfn">
            <para>A pointer to an application-defined <a href="https://docs.microsoft.com/previous-versions/windows/desktop/legacy/ms633498(v=vs.85)">EnumWindowsProc</a> callback function.</para>
            <para><see href="https://docs.microsoft.com/windows/win32/api//winuser/nf-winuser-enumdesktopwindows#parameters">Read more on docs.microsoft.com</see>.</para>
            </param>
            <param name="lParam">An application-defined value to be passed to the callback function.</param>
            <returns>
            <para>If the function fails or is unable to perform the enumeration, the return value is zero. To get extended error information, call <a href="/windows/desktop/api/errhandlingapi/nf-errhandlingapi-getlasterror">GetLastError</a>. You must ensure that the callback function sets <a href="/windows/desktop/api/errhandlingapi/nf-errhandlingapi-setlasterror">SetLastError</a> if it fails. <b>Windows Server 2003 and Windows XP/2000:  </b>If there are no windows on the desktop, <a href="/windows/desktop/api/errhandlingapi/nf-errhandlingapi-getlasterror">GetLastError</a> returns <b>ERROR_INVALID_HANDLE</b>.</para>
            </returns>
            <remarks>
            <para><see href="https://docs.microsoft.com/windows/win32/api//winuser/nf-winuser-enumdesktopwindows">Learn more about this API from docs.microsoft.com</see>.</para>
            </remarks>
        </member>
        <member name="M:Windows.Win32.PInvoke.GetMessage(Windows.Win32.UI.WindowsAndMessaging.MSG@,Windows.Win32.Foundation.HWND,System.UInt32,System.UInt32)">
            <inheritdoc cref="M:Windows.Win32.PInvoke.GetMessage(Windows.Win32.UI.WindowsAndMessaging.MSG*,Windows.Win32.Foundation.HWND,System.UInt32,System.UInt32)"/>
        </member>
        <member name="M:Windows.Win32.PInvoke.GetMessage(Windows.Win32.UI.WindowsAndMessaging.MSG*,Windows.Win32.Foundation.HWND,System.UInt32,System.UInt32)">
            <summary>Retrieves a message from the calling thread's message queue. The function dispatches incoming sent messages until a posted message is available for retrieval.</summary>
            <param name="lpMsg">
            <para>Type: <b>LPMSG</b> A pointer to an <a href="https://docs.microsoft.com/windows/desktop/api/winuser/ns-winuser-msg">MSG</a> structure that receives message information from the thread's message queue.</para>
            <para><see href="https://docs.microsoft.com/windows/win32/api//winuser/nf-winuser-getmessagew#parameters">Read more on docs.microsoft.com</see>.</para>
            </param>
            <param name="hWnd">
            <para>Type: <b>HWND</b> A handle to the window whose messages are to be retrieved. The window must belong to the current thread.</para>
            <para>If <i>hWnd</i> is <b>NULL</b>, <b>GetMessage</b> retrieves messages for any window that belongs to the current thread, and any messages on the current thread's message queue whose <b>hwnd</b> value is <b>NULL</b> (see the <a href="https://docs.microsoft.com/windows/desktop/api/winuser/ns-winuser-msg">MSG</a> structure). Therefore if hWnd is <b>NULL</b>, both window messages and thread messages are processed. If <i>hWnd</i> is -1, <b>GetMessage</b> retrieves only messages on the current thread's message queue whose <b>hwnd</b> value is <b>NULL</b>,  that is, thread messages as posted by  <a href="https://docs.microsoft.com/windows/desktop/api/winuser/nf-winuser-postmessagea">PostMessage</a> (when the <i>hWnd</i> parameter is <b>NULL</b>) or <a href="https://docs.microsoft.com/windows/desktop/api/winuser/nf-winuser-postthreadmessagea">PostThreadMessage</a>.</para>
            <para><see href="https://docs.microsoft.com/windows/win32/api//winuser/nf-winuser-getmessagew#parameters">Read more on docs.microsoft.com</see>.</para>
            </param>
            <param name="wMsgFilterMin">
            <para>Type: <b>UINT</b> The integer value of the lowest message value to be retrieved. Use <b>WM_KEYFIRST</b> (0x0100) to specify the first keyboard message or <b>WM_MOUSEFIRST</b> (0x0200) to specify the first mouse message. Use <a href="https://docs.microsoft.com/windows/desktop/inputdev/wm-input">WM_INPUT</a> here and in <i>wMsgFilterMax</i> to specify only the <b>WM_INPUT</b> messages. If <i>wMsgFilterMin</i> and <i>wMsgFilterMax</i> are both zero, <b>GetMessage</b> returns all available messages (that is, no range filtering is performed).</para>
            <para><see href="https://docs.microsoft.com/windows/win32/api//winuser/nf-winuser-getmessagew#parameters">Read more on docs.microsoft.com</see>.</para>
            </param>
            <param name="wMsgFilterMax">
            <para>Type: <b>UINT</b> The integer value of the highest message value to be retrieved. Use <b>WM_KEYLAST</b> to specify the last keyboard message or <b>WM_MOUSELAST</b> to specify the last mouse message.</para>
            <para>Use <a href="https://docs.microsoft.com/windows/desktop/inputdev/wm-input">WM_INPUT</a> here and in <i>wMsgFilterMin</i> to specify only the <b>WM_INPUT</b> messages. If <i>wMsgFilterMin</i> and <i>wMsgFilterMax</i> are both zero, <b>GetMessage</b> returns all available messages (that is, no range filtering is performed).</para>
            <para><see href="https://docs.microsoft.com/windows/win32/api//winuser/nf-winuser-getmessagew#parameters">Read more on docs.microsoft.com</see>.</para>
            </param>
            <returns>
            <para>Type: <b>BOOL</b> If the function retrieves a message other than <a href="/windows/desktop/winmsg/wm-quit">WM_QUIT</a>, the return value is nonzero. If the function retrieves the <a href="/windows/desktop/winmsg/wm-quit">WM_QUIT</a> message, the return value is zero. If there is an error, the return value is -1. For example, the function fails if <i>hWnd</i> is an invalid window handle or <i>lpMsg</i> is an invalid pointer. To get extended error information, call <a href="/windows/desktop/api/errhandlingapi/nf-errhandlingapi-getlasterror">GetLastError</a>. Because the return value can be nonzero, zero, or -1, avoid code like this:</para>
            <para></para>
            <para>This doc was truncated.</para>
            </returns>
            <remarks>
            <para><see href="https://docs.microsoft.com/windows/win32/api//winuser/nf-winuser-getmessagew">Learn more about this API from docs.microsoft.com</see>.</para>
            </remarks>
        </member>
        <member name="M:Windows.Win32.PInvoke.GetWindowLong(Windows.Win32.Foundation.HWND,Windows.Win32.UI.WindowsAndMessaging.WINDOW_LONG_PTR_INDEX)">
            <summary>Retrieves information about the specified window.</summary>
            <param name="hWnd">
            <para>Type: <b>HWND</b> A handle to the window and, indirectly, the class to which the window belongs.</para>
            <para><see href="https://docs.microsoft.com/windows/win32/api//winuser/nf-winuser-getwindowlongw#parameters">Read more on docs.microsoft.com</see>.</para>
            </param>
            <param name="nIndex">Type: <b>int</b></param>
            <returns>
            <para>Type: <b>LONG</b> If the function succeeds, the return value is the requested value. If the function fails, the return value is zero. To get extended error information, call <a href="/windows/desktop/api/errhandlingapi/nf-errhandlingapi-getlasterror">GetLastError</a>. If <a href="/windows/desktop/api/winuser/nf-winuser-setwindowlonga">SetWindowLong</a> has not been called previously, <b>GetWindowLong</b> returns zero for values in the extra window or class memory.</para>
            </returns>
            <remarks>
            <para><see href="https://docs.microsoft.com/windows/win32/api//winuser/nf-winuser-getwindowlongw">Learn more about this API from docs.microsoft.com</see>.</para>
            </remarks>
        </member>
        <member name="M:Windows.Win32.PInvoke.GetWindowRect(Windows.Win32.Foundation.HWND,Windows.Win32.Foundation.RECT@)">
            <inheritdoc cref="M:Windows.Win32.PInvoke.GetWindowRect(Windows.Win32.Foundation.HWND,Windows.Win32.Foundation.RECT*)"/>
        </member>
        <member name="M:Windows.Win32.PInvoke.GetWindowRect(Windows.Win32.Foundation.HWND,Windows.Win32.Foundation.RECT*)">
            <summary>Retrieves the dimensions of the bounding rectangle of the specified window. The dimensions are given in screen coordinates that are relative to the upper-left corner of the screen.</summary>
            <param name="hWnd">
            <para>Type: <b>HWND</b> A handle to the window.</para>
            <para><see href="https://docs.microsoft.com/windows/win32/api//winuser/nf-winuser-getwindowrect#parameters">Read more on docs.microsoft.com</see>.</para>
            </param>
            <param name="lpRect">
            <para>Type: <b>LPRECT</b> A pointer to a  <a href="https://docs.microsoft.com/windows/desktop/api/windef/ns-windef-rect">RECT</a> structure that receives the screen coordinates of the upper-left and lower-right corners of the window.</para>
            <para><see href="https://docs.microsoft.com/windows/win32/api//winuser/nf-winuser-getwindowrect#parameters">Read more on docs.microsoft.com</see>.</para>
            </param>
            <returns>
            <para>Type: <b>BOOL</b> If the function succeeds, the return value is nonzero. If the function fails, the return value is zero. To get extended error information, call <a href="/windows/desktop/api/errhandlingapi/nf-errhandlingapi-getlasterror">GetLastError</a>.</para>
            </returns>
            <remarks>
            <para><see href="https://docs.microsoft.com/windows/win32/api//winuser/nf-winuser-getwindowrect">Learn more about this API from docs.microsoft.com</see>.</para>
            </remarks>
        </member>
        <member name="M:Windows.Win32.PInvoke.GetWindowText(Windows.Win32.Foundation.HWND,Windows.Win32.Foundation.PWSTR,System.Int32)">
            <summary>Copies the text of the specified window's title bar (if it has one) into a buffer. If the specified window is a control, the text of the control is copied. However, GetWindowText cannot retrieve the text of a control in another application.</summary>
            <param name="hWnd">
            <para>Type: <b>HWND</b> A handle to the window or control containing the text.</para>
            <para><see href="https://docs.microsoft.com/windows/win32/api//winuser/nf-winuser-getwindowtextw#parameters">Read more on docs.microsoft.com</see>.</para>
            </param>
            <param name="lpString">
            <para>Type: <b>LPTSTR</b> The buffer that will receive the text. If the string is as long or longer than the buffer, the string is truncated and terminated with a null character.</para>
            <para><see href="https://docs.microsoft.com/windows/win32/api//winuser/nf-winuser-getwindowtextw#parameters">Read more on docs.microsoft.com</see>.</para>
            </param>
            <param name="nMaxCount">
            <para>Type: <b>int</b> The maximum number of characters to copy to the buffer, including the null character. If the text exceeds this limit, it is truncated.</para>
            <para><see href="https://docs.microsoft.com/windows/win32/api//winuser/nf-winuser-getwindowtextw#parameters">Read more on docs.microsoft.com</see>.</para>
            </param>
            <returns>
            <para>Type: <b>int</b> If the function succeeds, the return value is the length, in characters, of the copied string, not including the terminating null character. If the window has no title bar or text, if the title bar is empty, or if the window or control handle is invalid, the return value is zero. To get extended error information, call <a href="/windows/desktop/api/errhandlingapi/nf-errhandlingapi-getlasterror">GetLastError</a>. This function cannot retrieve the text of an edit control in another application.</para>
            </returns>
            <remarks>
            <para><see href="https://docs.microsoft.com/windows/win32/api//winuser/nf-winuser-getwindowtextw">Learn more about this API from docs.microsoft.com</see>.</para>
            </remarks>
        </member>
        <member name="M:Windows.Win32.PInvoke.GetWindowTextLength(Windows.Win32.Foundation.HWND)">
            <summary>Retrieves the length, in characters, of the specified window's title bar text (if the window has a title bar).</summary>
            <param name="hWnd">
            <para>Type: <b>HWND</b> A handle to the window or control.</para>
            <para><see href="https://docs.microsoft.com/windows/win32/api//winuser/nf-winuser-getwindowtextlengthw#parameters">Read more on docs.microsoft.com</see>.</para>
            </param>
            <returns>
            <para>Type: <b>int</b> If the function succeeds, the return value is the length, in characters, of the text. Under certain conditions, this value might be greater than the length of the text (see Remarks). If the window has no text, the return value is zero. Function failure is indicated by a return value of zero and a <a href="/windows/desktop/api/errhandlingapi/nf-errhandlingapi-getlasterror">GetLastError</a> result that is nonzero. > [!NOTE] > This function does not clear the most recent error information. To determine success or failure, clear the most recent error information by calling <a href="/windows/desktop/api/errhandlingapi/nf-errhandlingapi-setlasterror">SetLastError</a> with 0, then call <a href="/windows/desktop/api/errhandlingapi/nf-errhandlingapi-getlasterror">GetLastError</a>.</para>
            </returns>
            <remarks>
            <para><see href="https://docs.microsoft.com/windows/win32/api//winuser/nf-winuser-getwindowtextlengthw">Learn more about this API from docs.microsoft.com</see>.</para>
            </remarks>
        </member>
        <member name="M:Windows.Win32.PInvoke.GetWindowThreadProcessId(Windows.Win32.Foundation.HWND,System.UInt32*)">
            <summary>Retrieves the identifier of the thread that created the specified window and, optionally, the identifier of the process that created the window.</summary>
            <param name="hWnd">
            <para>Type: <b>HWND</b> A handle to the window.</para>
            <para><see href="https://docs.microsoft.com/windows/win32/api//winuser/nf-winuser-getwindowthreadprocessid#parameters">Read more on docs.microsoft.com</see>.</para>
            </param>
            <param name="lpdwProcessId">
            <para>Type: <b>LPDWORD</b> A pointer to a variable that receives the process identifier. If this parameter is not <b>NULL</b>, <b>GetWindowThreadProcessId</b> copies the identifier of the process to the variable; otherwise, it does not.</para>
            <para><see href="https://docs.microsoft.com/windows/win32/api//winuser/nf-winuser-getwindowthreadprocessid#parameters">Read more on docs.microsoft.com</see>.</para>
            </param>
            <returns>
            <para>Type: <b>DWORD</b> The return value is the identifier of the thread that created the window.</para>
            </returns>
            <remarks>
            <para><see href="https://docs.microsoft.com/windows/win32/api//winuser/nf-winuser-getwindowthreadprocessid">Learn more about this API from docs.microsoft.com</see>.</para>
            </remarks>
        </member>
        <member name="M:Windows.Win32.PInvoke.IsWindowVisible(Windows.Win32.Foundation.HWND)">
            <summary>Determines the visibility state of the specified window.</summary>
            <param name="hWnd">
            <para>Type: <b>HWND</b> A handle to the window to be tested.</para>
            <para><see href="https://docs.microsoft.com/windows/win32/api//winuser/nf-winuser-iswindowvisible#parameters">Read more on docs.microsoft.com</see>.</para>
            </param>
            <returns>
            <para>Type: <b>BOOL</b> If the specified window, its parent window, its parent's parent window, and so forth, have the <b>WS_VISIBLE</b> style, the return value is nonzero. Otherwise, the return value is zero. Because the return value specifies whether the window has the <b>WS_VISIBLE</b> style, it may be nonzero even if the window is totally obscured by other windows.</para>
            </returns>
            <remarks>
            <para><see href="https://docs.microsoft.com/windows/win32/api//winuser/nf-winuser-iswindowvisible">Learn more about this API from docs.microsoft.com</see>.</para>
            </remarks>
        </member>
        <member name="M:Windows.Win32.PInvoke.MoveWindow(Windows.Win32.Foundation.HWND,System.Int32,System.Int32,System.Int32,System.Int32,Windows.Win32.Foundation.BOOL)">
            <summary>Changes the position and dimensions of the specified window.</summary>
            <param name="hWnd">
            <para>Type: <b>HWND</b> A handle to the window.</para>
            <para><see href="https://docs.microsoft.com/windows/win32/api//winuser/nf-winuser-movewindow#parameters">Read more on docs.microsoft.com</see>.</para>
            </param>
            <param name="X">
            <para>Type: <b>int</b> The new position of the left side of the window.</para>
            <para><see href="https://docs.microsoft.com/windows/win32/api//winuser/nf-winuser-movewindow#parameters">Read more on docs.microsoft.com</see>.</para>
            </param>
            <param name="Y">
            <para>Type: <b>int</b> The new position of the top of the window.</para>
            <para><see href="https://docs.microsoft.com/windows/win32/api//winuser/nf-winuser-movewindow#parameters">Read more on docs.microsoft.com</see>.</para>
            </param>
            <param name="nWidth">
            <para>Type: <b>int</b> The new width of the window.</para>
            <para><see href="https://docs.microsoft.com/windows/win32/api//winuser/nf-winuser-movewindow#parameters">Read more on docs.microsoft.com</see>.</para>
            </param>
            <param name="nHeight">
            <para>Type: <b>int</b> The new height of the window.</para>
            <para><see href="https://docs.microsoft.com/windows/win32/api//winuser/nf-winuser-movewindow#parameters">Read more on docs.microsoft.com</see>.</para>
            </param>
            <param name="bRepaint">
            <para>Type: <b>BOOL</b> Indicates whether the window is to be repainted. If this parameter is <b>TRUE</b>, the window receives a  message. If the parameter is <b>FALSE</b>, no repainting of any kind occurs. This applies to the client area, the nonclient area (including the title bar and scroll bars), and any part of the parent window uncovered as a result of moving a child window.</para>
            <para><see href="https://docs.microsoft.com/windows/win32/api//winuser/nf-winuser-movewindow#parameters">Read more on docs.microsoft.com</see>.</para>
            </param>
            <returns>
            <para>Type: <b>BOOL</b> If the function succeeds, the return value is nonzero. If the function fails, the return value is zero. To get extended error information, call <a href="/windows/desktop/api/errhandlingapi/nf-errhandlingapi-getlasterror">GetLastError</a>.</para>
            </returns>
            <remarks>
            <para><see href="https://docs.microsoft.com/windows/win32/api//winuser/nf-winuser-movewindow">Learn more about this API from docs.microsoft.com</see>.</para>
            </remarks>
        </member>
        <member name="M:Windows.Win32.PInvoke.PostMessage(Windows.Win32.Foundation.HWND,System.UInt32,Windows.Win32.Foundation.WPARAM,Windows.Win32.Foundation.LPARAM)">
            <summary>Places (posts) a message in the message queue associated with the thread that created the specified window and returns without waiting for the thread to process the message.</summary>
            <param name="hWnd">
            <para>Type: <b>HWND</b> A handle to the window whose window procedure is to receive the message. The following values have special meanings. </para>
            <para>This doc was truncated.</para>
            <para><see href="https://docs.microsoft.com/windows/win32/api//winuser/nf-winuser-postmessagew#parameters">Read more on docs.microsoft.com</see>.</para>
            </param>
            <param name="Msg">
            <para>Type: <b>UINT</b> The message to be posted. For lists of the system-provided messages, see <a href="https://docs.microsoft.com/windows/desktop/winmsg/about-messages-and-message-queues">System-Defined Messages</a>.</para>
            <para><see href="https://docs.microsoft.com/windows/win32/api//winuser/nf-winuser-postmessagew#parameters">Read more on docs.microsoft.com</see>.</para>
            </param>
            <param name="wParam">
            <para>Type: <b>WPARAM</b> Additional message-specific information.</para>
            <para><see href="https://docs.microsoft.com/windows/win32/api//winuser/nf-winuser-postmessagew#parameters">Read more on docs.microsoft.com</see>.</para>
            </param>
            <param name="lParam">
            <para>Type: <b>LPARAM</b> Additional message-specific information.</para>
            <para><see href="https://docs.microsoft.com/windows/win32/api//winuser/nf-winuser-postmessagew#parameters">Read more on docs.microsoft.com</see>.</para>
            </param>
            <returns>
            <para>Type: <b>BOOL</b> If the function succeeds, the return value is nonzero. If the function fails, the return value is zero. To get extended error information, call <a href="/windows/desktop/api/errhandlingapi/nf-errhandlingapi-getlasterror">GetLastError</a>. <b>GetLastError</b> returns <b>ERROR_NOT_ENOUGH_QUOTA</b> when the limit is hit.</para>
            </returns>
            <remarks>
            <para><see href="https://docs.microsoft.com/windows/win32/api//winuser/nf-winuser-postmessagew">Learn more about this API from docs.microsoft.com</see>.</para>
            </remarks>
        </member>
        <member name="M:Windows.Win32.PInvoke.ReleaseDC(Windows.Win32.Foundation.HWND,Windows.Win32.Graphics.Gdi.HDC)">
            <summary>The ReleaseDC function releases a device context (DC), freeing it for use by other applications. The effect of the ReleaseDC function depends on the type of DC. It frees only common and window DCs. It has no effect on class or private DCs.</summary>
            <param name="hWnd">A handle to the window whose DC is to be released.</param>
            <param name="hDC">A handle to the DC to be released.</param>
            <returns>
            <para>The return value indicates whether the DC was released. If the DC was released, the return value is 1. If the DC was not released, the return value is zero.</para>
            </returns>
            <remarks>
            <para><see href="https://docs.microsoft.com/windows/win32/api//winuser/nf-winuser-releasedc">Learn more about this API from docs.microsoft.com</see>.</para>
            </remarks>
        </member>
        <member name="M:Windows.Win32.PInvoke.PrintWindow(Windows.Win32.Foundation.HWND,System.Runtime.InteropServices.SafeHandle,Windows.Win32.Storage.Xps.PRINT_WINDOW_FLAGS)">
            <inheritdoc cref="M:Windows.Win32.PInvoke.PrintWindow(Windows.Win32.Foundation.HWND,Windows.Win32.Graphics.Gdi.HDC,Windows.Win32.Storage.Xps.PRINT_WINDOW_FLAGS)"/>
        </member>
        <member name="M:Windows.Win32.PInvoke.PrintWindow(Windows.Win32.Foundation.HWND,Windows.Win32.Graphics.Gdi.HDC,Windows.Win32.Storage.Xps.PRINT_WINDOW_FLAGS)">
            <summary>The PrintWindow function copies a visual window into the specified device context (DC), typically a printer DC.</summary>
            <param name="hwnd">A handle to the window that will be copied.</param>
            <param name="hdcBlt">A handle to the device context.</param>
            <param name="nFlags"></param>
            <returns>
            <para>If the function succeeds, it returns a nonzero value. If the function fails, it returns zero.</para>
            </returns>
            <remarks>
            <para><see href="https://docs.microsoft.com/windows/win32/api//winuser/nf-winuser-printwindow">Learn more about this API from docs.microsoft.com</see>.</para>
            </remarks>
        </member>
        <member name="M:Windows.Win32.PInvoke.SendMessage(Windows.Win32.Foundation.HWND,System.UInt32,Windows.Win32.Foundation.WPARAM,Windows.Win32.Foundation.LPARAM)">
            <summary>Sends the specified message to a window or windows. The SendMessage function calls the window procedure for the specified window and does not return until the window procedure has processed the message.</summary>
            <param name="hWnd">
            <para>Type: <b>HWND</b> A handle to the window whose window procedure will receive the message. If this parameter is <b>HWND_BROADCAST</b> ((HWND)0xffff), the message is sent to all top-level windows in the system, including disabled or invisible unowned windows, overlapped windows, and pop-up windows; but the message is not sent to child windows. Message sending is subject to UIPI. The thread of a process can send messages only to message queues of threads in processes of lesser or equal integrity level.</para>
            <para><see href="https://docs.microsoft.com/windows/win32/api//winuser/nf-winuser-sendmessagew#parameters">Read more on docs.microsoft.com</see>.</para>
            </param>
            <param name="Msg">
            <para>Type: <b>UINT</b> The message to be sent. For lists of the system-provided messages, see <a href="https://docs.microsoft.com/windows/desktop/winmsg/about-messages-and-message-queues">System-Defined Messages</a>.</para>
            <para><see href="https://docs.microsoft.com/windows/win32/api//winuser/nf-winuser-sendmessagew#parameters">Read more on docs.microsoft.com</see>.</para>
            </param>
            <param name="wParam">
            <para>Type: <b>WPARAM</b> Additional message-specific information.</para>
            <para><see href="https://docs.microsoft.com/windows/win32/api//winuser/nf-winuser-sendmessagew#parameters">Read more on docs.microsoft.com</see>.</para>
            </param>
            <param name="lParam">
            <para>Type: <b>LPARAM</b> Additional message-specific information.</para>
            <para><see href="https://docs.microsoft.com/windows/win32/api//winuser/nf-winuser-sendmessagew#parameters">Read more on docs.microsoft.com</see>.</para>
            </param>
            <returns>
            <para>Type: <b>LRESULT</b> The return value specifies the result of the message processing; it depends on the message sent.</para>
            </returns>
            <remarks>
            <para><see href="https://docs.microsoft.com/windows/win32/api//winuser/nf-winuser-sendmessagew">Learn more about this API from docs.microsoft.com</see>.</para>
            </remarks>
        </member>
        <member name="M:Windows.Win32.PInvoke.SetFocus(Windows.Win32.Foundation.HWND)">
            <summary>Sets the keyboard focus to the specified window. The window must be attached to the calling thread's message queue.</summary>
            <param name="hWnd">
            <para>Type: **HWND** A handle to the window that will receive the keyboard input. If this parameter is NULL, keystrokes are ignored.</para>
            <para><see href="https://docs.microsoft.com/windows/win32/api//winuser/nf-winuser-setfocus#parameters">Read more on docs.microsoft.com</see>.</para>
            </param>
            <returns>
            <para>Type: **HWND** If the function succeeds, the return value is the handle to the window that previously had the keyboard focus. If the *hWnd* parameter is invalid or the window is not attached to the calling thread's message queue, the return value is NULL. To get extended error information, call [GetLastError function](../errhandlingapi/nf-errhandlingapi-getlasterror.md). Extended error ERROR_INVALID_PARAMETER (0x57) means that window is in disabled state.</para>
            </returns>
            <remarks>
            <para><see href="https://docs.microsoft.com/windows/win32/api//winuser/nf-winuser-setfocus">Learn more about this API from docs.microsoft.com</see>.</para>
            </remarks>
        </member>
        <member name="M:Windows.Win32.PInvoke.SetForegroundWindow(Windows.Win32.Foundation.HWND)">
            <summary>Brings the thread that created the specified window into the foreground and activates the window.</summary>
            <param name="hWnd">
            <para>Type: <b>HWND</b> A handle to the window that should be activated and brought to the foreground.</para>
            <para><see href="https://docs.microsoft.com/windows/win32/api//winuser/nf-winuser-setforegroundwindow#parameters">Read more on docs.microsoft.com</see>.</para>
            </param>
            <returns>
            <para>Type: <b>BOOL</b> If the window was brought to the foreground, the return value is nonzero.</para>
            <para>If the window was not brought to the foreground, the return value is zero.</para>
            </returns>
            <remarks>
            <para><see href="https://docs.microsoft.com/windows/win32/api//winuser/nf-winuser-setforegroundwindow">Learn more about this API from docs.microsoft.com</see>.</para>
            </remarks>
        </member>
        <member name="M:Windows.Win32.PInvoke.SetParent(Windows.Win32.Foundation.HWND,Windows.Win32.Foundation.HWND)">
            <summary>Changes the parent window of the specified child window.</summary>
            <param name="hWndChild">
            <para>Type: <b>HWND</b> A handle to the child window.</para>
            <para><see href="https://docs.microsoft.com/windows/win32/api//winuser/nf-winuser-setparent#parameters">Read more on docs.microsoft.com</see>.</para>
            </param>
            <param name="hWndNewParent">
            <para>Type: <b>HWND</b> A handle to the new parent window. If this parameter is <b>NULL</b>, the desktop window becomes the new parent window. If this parameter is <b>HWND_MESSAGE</b>, the child window becomes a <a href="https://docs.microsoft.com/windows/desktop/winmsg/window-features">message-only window</a>.</para>
            <para><see href="https://docs.microsoft.com/windows/win32/api//winuser/nf-winuser-setparent#parameters">Read more on docs.microsoft.com</see>.</para>
            </param>
            <returns>
            <para>Type: <b>HWND</b> If the function succeeds, the return value is a handle to the previous parent window. If the function fails, the return value is <b>NULL</b>. To get extended error information, call <a href="/windows/desktop/api/errhandlingapi/nf-errhandlingapi-getlasterror">GetLastError</a>.</para>
            </returns>
            <remarks>
            <para><see href="https://docs.microsoft.com/windows/win32/api//winuser/nf-winuser-setparent">Learn more about this API from docs.microsoft.com</see>.</para>
            </remarks>
        </member>
        <member name="M:Windows.Win32.PInvoke.SetWindowLong(Windows.Win32.Foundation.HWND,Windows.Win32.UI.WindowsAndMessaging.WINDOW_LONG_PTR_INDEX,System.Int32)">
            <summary>Changes an attribute of the specified window. The function also sets the 32-bit (long) value at the specified offset into the extra window memory.</summary>
            <param name="hWnd">
            <para>Type: <b>HWND</b> A handle to the window and, indirectly, the class to which the window belongs.</para>
            <para><see href="https://docs.microsoft.com/windows/win32/api//winuser/nf-winuser-setwindowlongw#parameters">Read more on docs.microsoft.com</see>.</para>
            </param>
            <param name="nIndex">Type: <b>int</b></param>
            <param name="dwNewLong">
            <para>Type: <b>LONG</b> The replacement value.</para>
            <para><see href="https://docs.microsoft.com/windows/win32/api//winuser/nf-winuser-setwindowlongw#parameters">Read more on docs.microsoft.com</see>.</para>
            </param>
            <returns>
            <para>Type: <b>LONG</b> If the function succeeds, the return value is the previous value of the specified 32-bit integer. If the function fails, the return value is zero. To get extended error information, call <a href="/windows/desktop/api/errhandlingapi/nf-errhandlingapi-getlasterror">GetLastError</a>. If the previous value of the specified 32-bit integer is zero, and the function succeeds, the return value is zero, but the function does not clear the last error information. This makes it difficult to determine success or failure. To deal with this, you should clear the last error information by calling <a href="/windows/desktop/api/errhandlingapi/nf-errhandlingapi-setlasterror">SetLastError</a> with 0 before calling <b>SetWindowLong</b>. Then, function failure will be indicated by a return value of zero and a <a href="/windows/desktop/api/errhandlingapi/nf-errhandlingapi-getlasterror">GetLastError</a> result that is nonzero.</para>
            </returns>
            <remarks>
            <para><see href="https://docs.microsoft.com/windows/win32/api//winuser/nf-winuser-setwindowlongw">Learn more about this API from docs.microsoft.com</see>.</para>
            </remarks>
        </member>
        <member name="M:Windows.Win32.PInvoke.UnhookWinEvent(Windows.Win32.UI.Accessibility.HWINEVENTHOOK)">
            <summary>Removes an event hook function created by a previous call to SetWinEventHook.</summary>
            <param name="hWinEventHook">
            <para>Type: <b>HWINEVENTHOOK</b> Handle to the event hook returned in the previous call to <a href="https://docs.microsoft.com/windows/desktop/api/winuser/nf-winuser-setwineventhook">SetWinEventHook</a>.</para>
            <para><see href="https://docs.microsoft.com/windows/win32/api//winuser/nf-winuser-unhookwinevent#parameters">Read more on docs.microsoft.com</see>.</para>
            </param>
            <returns>
            <para>Type: <b><a href="/windows/desktop/WinProg/windows-data-types">BOOL</a></b> If successful, returns <b>TRUE</b>; otherwise, returns <b>FALSE</b>. Three common errors cause this function to fail: </para>
            <para>This doc was truncated.</para>
            </returns>
            <remarks>
            <para><see href="https://docs.microsoft.com/windows/win32/api//winuser/nf-winuser-unhookwinevent">Learn more about this API from docs.microsoft.com</see>.</para>
            </remarks>
        </member>
        <member name="M:Windows.Win32.PInvoke.SetWinEventHook(System.UInt32,System.UInt32,System.Runtime.InteropServices.SafeHandle,Windows.Win32.UI.Accessibility.WINEVENTPROC,System.UInt32,System.UInt32,System.UInt32)">
            <inheritdoc cref="M:Windows.Win32.PInvoke.SetWinEventHook(System.UInt32,System.UInt32,Windows.Win32.Foundation.HINSTANCE,Windows.Win32.UI.Accessibility.WINEVENTPROC,System.UInt32,System.UInt32,System.UInt32)"/>
        </member>
        <member name="M:Windows.Win32.PInvoke.SetWinEventHook(System.UInt32,System.UInt32,Windows.Win32.Foundation.HINSTANCE,Windows.Win32.UI.Accessibility.WINEVENTPROC,System.UInt32,System.UInt32,System.UInt32)">
            <summary>Sets an event hook function for a range of events.</summary>
            <param name="eventMin">
            <para>Type: <b><a href="https://docs.microsoft.com/windows/desktop/WinProg/windows-data-types">UINT</a></b> Specifies the <a href="https://docs.microsoft.com/windows/desktop/WinAuto/event-constants">event constant</a> for the lowest event value in the range of events that are handled by the hook function. This parameter can be set to <b>EVENT_MIN</b> to indicate the lowest possible event value.</para>
            <para><see href="https://docs.microsoft.com/windows/win32/api//winuser/nf-winuser-setwineventhook#parameters">Read more on docs.microsoft.com</see>.</para>
            </param>
            <param name="eventMax">
            <para>Type: <b><a href="https://docs.microsoft.com/windows/desktop/WinProg/windows-data-types">UINT</a></b> Specifies the event constant for the highest event value in the range of events that are handled by the hook function. This parameter can be  set to <a href="https://docs.microsoft.com/windows/desktop/WinAuto/event-constants">EVENT_MAX</a> to indicate the highest possible event value.</para>
            <para><see href="https://docs.microsoft.com/windows/win32/api//winuser/nf-winuser-setwineventhook#parameters">Read more on docs.microsoft.com</see>.</para>
            </param>
            <param name="hmodWinEventProc">
            <para>Type: <b><a href="https://docs.microsoft.com/windows/desktop/WinProg/windows-data-types">HMODULE</a></b> Handle to the DLL that contains the hook function at <i>lpfnWinEventProc</i>, if the WINEVENT_INCONTEXT flag is specified in the <i>dwFlags</i> parameter. If the hook function is not located in a DLL, or if the WINEVENT_OUTOFCONTEXT flag is specified, this parameter is <b>NULL</b>.</para>
            <para><see href="https://docs.microsoft.com/windows/win32/api//winuser/nf-winuser-setwineventhook#parameters">Read more on docs.microsoft.com</see>.</para>
            </param>
            <param name="pfnWinEventProc">
            <para>Type: <b>WINEVENTPROC</b> Pointer to the event hook function. For more information about this function, see <a href="https://docs.microsoft.com/windows/desktop/api/winuser/nc-winuser-wineventproc">WinEventProc</a>.</para>
            <para><see href="https://docs.microsoft.com/windows/win32/api//winuser/nf-winuser-setwineventhook#parameters">Read more on docs.microsoft.com</see>.</para>
            </param>
            <param name="idProcess">
            <para>Type: <b><a href="https://docs.microsoft.com/windows/desktop/WinProg/windows-data-types">DWORD</a></b> Specifies the ID of the process from which the hook function receives events. Specify zero (0) to receive events from all processes on the current desktop.</para>
            <para><see href="https://docs.microsoft.com/windows/win32/api//winuser/nf-winuser-setwineventhook#parameters">Read more on docs.microsoft.com</see>.</para>
            </param>
            <param name="idThread">
            <para>Type: <b><a href="https://docs.microsoft.com/windows/desktop/WinProg/windows-data-types">DWORD</a></b> Specifies the ID of the thread from which the hook function receives events. If this parameter is zero, the hook function is associated with all existing threads on the current desktop.</para>
            <para><see href="https://docs.microsoft.com/windows/win32/api//winuser/nf-winuser-setwineventhook#parameters">Read more on docs.microsoft.com</see>.</para>
            </param>
            <param name="dwFlags">
            <para>Type: <b><a href="https://docs.microsoft.com/windows/desktop/WinProg/windows-data-types">UINT</a></b></para>
            <para>Flag values that specify the location of the hook function and of the events to be skipped. The following flags are valid:</para>
            <para></para>
            <para>This doc was truncated.</para>
            <para><see href="https://docs.microsoft.com/windows/win32/api//winuser/nf-winuser-setwineventhook#parameters">Read more on docs.microsoft.com</see>.</para>
            </param>
            <returns>
            <para>Type: <b>HWINEVENTHOOK</b> If successful, returns an <a href="/windows/desktop/WinAuto/hwineventhook">HWINEVENTHOOK</a> value that identifies this event hook instance. Applications save this return value to use it with the <a href="/windows/desktop/api/winuser/nf-winuser-unhookwinevent">UnhookWinEvent</a> function. If unsuccessful, returns zero.</para>
            </returns>
            <remarks>
            <para><see href="https://docs.microsoft.com/windows/win32/api//winuser/nf-winuser-setwineventhook">Learn more about this API from docs.microsoft.com</see>.</para>
            </remarks>
        </member>
        <member name="M:Windows.Win32.PInvoke.ShowWindow(Windows.Win32.Foundation.HWND,Windows.Win32.UI.WindowsAndMessaging.SHOW_WINDOW_CMD)">
            <summary>Sets the specified window's show state.</summary>
            <param name="hWnd">
            <para>Type: <b>HWND</b> A handle to the window.</para>
            <para><see href="https://docs.microsoft.com/windows/win32/api//winuser/nf-winuser-showwindow#parameters">Read more on docs.microsoft.com</see>.</para>
            </param>
            <param name="nCmdShow">Type: <b>int</b></param>
            <returns>
            <para>Type: <b>BOOL</b> If the window was previously visible, the return value is nonzero. If the window was previously hidden, the return value is zero.</para>
            </returns>
            <remarks>
            <para><see href="https://docs.microsoft.com/windows/win32/api//winuser/nf-winuser-showwindow">Learn more about this API from docs.microsoft.com</see>.</para>
            </remarks>
        </member>
        <member name="T:Windows.Win32.UnhookWinEventSafeHandle">
            <summary>
            Represents a Win32 handle that can be closed with <see cref="M:Windows.Win32.PInvoke.UnhookWinEvent(Windows.Win32.UI.Accessibility.HWINEVENTHOOK)"/>.
            </summary>
        </member>
    </members>
</doc>
